Designator,Mid X,Mid Y,Rotation,Layer
J1,55.09,-181.625,0.0,top
J10,95.42,-34.686915,0.0,bottom
J11,86.63,-182.08,0.0,top
J2,49.66,-170.27,0.0,bottom
J3,90.24,-169.26,0.0,bottom
J4,69.72,-160.51,0.0,top
J5,99.16,-61.303085,180.0,top
J7,44.24,-31.77,0.0,bottom
J8,90.24,-145.09,0.0,bottom
J9,49.73,-145.16,0.0,bottom
